gene_id,gene_name,baseMean,log2FoldChange,lfcSE,stat,pvalue,padj,.T0.s1,.T0.s2,.T0.s3,.T96.s4,.T96.s5,.T96.s6
ENSG00000124942,AHNAK,1380.909596,-3.87263377,0.166676687,-23.23440572,2.05E-119,4.13E-115,2718.517474,2387.35083,2650.319028,187.0539411,158.1501231,184.0661802
ENSG00000166736,HTR3A,490.3478321,-5.299680157,0.268254623,-19.7561559,7.10E-87,7.17E-83,937.2412623,948.1264522,984.044906,23.61792185,35.1444718,13.91197874
ENSG00000168298,H1-4,8894.092414,-2.055533705,0.148223681,-13.86778206,9.93E-44,6.69E-40,15258.90913,13420.85042,14336.24528,3049.54607,3560.961922,3738.041671
ENSG00000200959,SNORA74A,627.2096451,2.764857771,0.206339172,13.39957774,6.08E-41,3.07E-37,149.1301014,131.2918312,203.3064023,1018.40479,1124.623098,1136.501648
ENSG00000277492,ENSG00000277492,563.2716414,3.330777939,0.254962272,13.06380709,5.30E-39,2.14E-35,92.17068768,68.96975945,145.6679893,937.1591391,1040.896562,1094.765711
ENSG00000233822,H2BC15,2230.883776,-2.020170637,0.157996517,-12.78617199,1.96E-37,6.59E-34,3714.789401,3183.411427,3839.766278,803.009343,957.170026,887.1561825
ENSG00000183598,H3C13,3147.682521,-1.963270136,0.163265004,-12.02505182,2.62E-33,7.57E-30,5391.467416,4634.269258,5005.110193,1083.590255,1395.442263,1376.215743
ENSG00000104213,PDGFRL,142.1183877,3.648104822,0.316162644,11.5386966,8.42E-31,2.13E-27,21.74813979,24.09786776,16.76753833,213.5060135,279.0884525,297.5023145
ENSG00000188486,H2AX,4972.81937,-1.679689935,0.148046346,-11.34570346,7.79E-30,1.70E-26,8003.315442,6756.543543,7979.252304,2328.727095,2229.606637,2539.471196
ENSG00000203852,H3C15,2715.037371,-1.892226745,0.166879664,-11.33886956,8.42E-30,1.70E-26,4468.724914,3896.375928,4467.500995,961.7217778,1234.191157,1261.709456
ENSG00000278588,H2BC10,600.5040909,-2.419012054,0.214242979,-11.29097469,1.45E-29,2.67E-26,1064.623224,914.8880139,1055.306944,142.652248,192.260934,233.2931819
ENSG00000207215,SNORD3H,538.1411449,2.65807792,0.235878743,11.26883195,1.87E-29,3.15E-26,97.3488162,186.9662154,156.1477007,918.2648016,954.0690432,916.0502922
ENSG00000200795,RNU4-1,777.9641947,2.535953053,0.225847465,11.22860977,2.95E-29,4.58E-26,162.5932356,245.9644433,277.7123536,1524.773035,1312.749388,1143.992713
ENSG00000203814,H2BC18,4675.523682,-1.839627349,0.16533754,-11.1264952,9.32E-29,1.35E-25,7568.352646,6847.118288,7510.809202,1674.038301,2215.135384,2237.688272
ENSG00000263934,SNORD3A,956.5440247,2.493841045,0.224900452,11.08864399,1.42E-28,1.92E-25,204.0182637,297.4840227,363.6459876,1389.678522,1727.247423,1757.18993
ENSG00000212550,RNU1-78P,219.7241918,4.352454657,0.393414315,11.0632849,1.89E-28,2.39E-25,8.285005634,26.59075063,26.19927865,254.1288391,564.3788706,438.7624063
ENSG00000189060,H1-0,1346.352202,-2.237098065,0.202700172,-11.03648824,2.55E-28,3.03E-25,2236.951521,2150.526957,2276.193329,355.2135447,461.0127771,598.2150857
ENSG00000181218,H2AC25,23723.21475,-1.704938676,0.154762259,-11.01650162,3.18E-28,3.57E-25,38063.38713,33250.9027,37612.7324,9585.097404,11542.89166,12284.27722
ENSG00000184357,H1-5,780.6674947,-1.976227728,0.180279723,-10.96200779,5.82E-28,6.19E-25,1270.712739,1176.640715,1286.908567,261.6865741,334.906143,353.1502295
ENSG00000288825,H2AC18,791.7434398,-1.833919475,0.167698508,-10.93581271,7.77E-28,7.85E-25,1284.175873,1120.966331,1304.724077,337.263924,326.6368555,376.6935781
ENSG00000222328,RNU2-2P,15106.27998,2.193032625,0.200714361,10.9261371,8.65E-28,8.32E-25,4064.830889,5903.14664,6296.210644,21287.30532,28882.55385,24203.63254
ENSG00000251942,ENSG00000251942,334.7351699,2.73565649,0.251934941,10.85858307,1.82E-27,1.67E-24,79.74317923,68.96975945,114.2288549,472.358437,647.0717455,626.0390431
ENSG00000035403,VCL,590.4363199,-2.031601483,0.188051115,-10.80345354,3.31E-27,2.91E-24,899.958737,996.3221877,949.4618581,191.7775254,242.9103198,262.1872916
ENSG00000202538,RNU4-2,2960.755602,2.059205844,0.190916517,10.78589676,4.01E-27,3.38E-24,1027.340699,1045.348884,1365.506403,3931.91163,5576.600746,4817.825252
ENSG00000199666,SNORD3G,403.2449409,2.579055806,0.240421944,10.72720635,7.59E-27,6.13E-24,88.02818486,121.3202998,137.2842201,556.4382388,818.6594607,697.7392412
ENSG00000197238,H4C11,1916.031059,-1.716195594,0.163384653,-10.50401957,8.28E-26,6.43E-23,2941.177,2703.115994,3169.064745,768.0548186,962.3383307,952.4354673
ENSG00000218336,TENM3,2114.488633,-1.587047344,0.15460383,-10.26525247,1.01E-24,7.56E-22,3181.442163,3079.541307,3257.094321,916.3753679,1096.714252,1155.764387
ENSG00000203811,H3C14,1273.58068,-1.851825317,0.180623273,-10.25241814,1.15E-24,8.33E-22,2229.702141,1741.694166,2012.1046,496.9210758,516.8304676,644.2316307
ENSG00000136152,COG3,408.5726507,-2.550580779,0.25200727,-10.12106031,4.46E-24,3.10E-21,682.4773391,723.7669937,687.4690717,89.74810304,169.5203934,98.45400337
ENSG00000138795,LEF1,193.1220035,3.155159897,0.312341571,10.10163292,5.43E-24,3.66E-21,19.67688838,46.5338136,50.302615,332.5403397,328.7041774,380.9741869
ENSG00000124785,NRN1,377.1964764,-1.878423002,0.187281922,-10.02992162,1.13E-23,7.34E-21,603.7697856,586.6584358,588.959784,162.4913023,174.6886981,146.6108528
ENSG00000011347,SYT7,397.4379415,1.924131086,0.192789356,9.980484,1.86E-23,1.17E-20,158.4507327,181.1494887,157.1956719,671.6936975,563.3452097,652.7928484
ENSG00000276180,H4C9,3518.514584,-1.596677131,0.160170541,-9.96860671,2.09E-23,1.28E-20,5399.752422,4891.036194,5574.158525,1482.260775,1875.060937,1888.818652
ENSG00000278828,H3C10,800.5108522,-1.606056028,0.161494478,-9.944959419,2.65E-23,1.58E-20,1287.28275,1186.612247,1141.240578,368.4395809,401.0604429,418.4295143
ENSG00000196358,NTNG2,159.9730525,2.812435307,0.284747449,9.876946461,5.24E-23,3.02E-20,30.03314542,43.20996978,46.11073042,236.1792185,282.1894353,322.1158154
ENSG00000277775,H3C7,1572.834098,-1.736151483,0.17656816,-9.832755153,8.14E-23,4.57E-20,2609.776775,2080.726237,2567.529307,620.6789863,753.5388218,804.7544623
ENSG00000166165,CKB,175.7241186,2.385154838,0.2438342,9.781871598,1.35E-22,7.35E-20,54.88816232,54.84342318,59.73435531,267.3548754,301.8289931,315.6949021
ENSG00000276903,H2AC16,718.3463885,-1.691597035,0.173267206,-9.762938262,1.62E-22,8.63E-20,1150.580157,1050.33465,1089.889992,292.862231,370.0506148,356.3606861
ENSG00000238227,TMEM250,308.1800529,2.525616547,0.260379153,9.699764802,3.02E-22,1.53E-19,77.67192782,116.334534,78.59783594,428.9014608,656.3746939,491.1998646
ENSG00000250752,RPL23AP96,126.6050076,-2.89008508,0.297919952,-9.700877919,2.99E-22,1.53E-19,249.5857947,226.8523413,192.8266908,27.39678935,35.1444718,27.82395747
ENSG00000152795,HNRNPDL,1108.869667,-1.495881614,0.15528118,-9.633373542,5.78E-22,2.84E-19,1729.494926,1563.868521,1618.067449,531.8756001,588.1530722,621.7584343
ENSG00000180596,H2BC4,1084.113457,-2.347912972,0.243781922,-9.631202158,5.90E-22,2.84E-19,1835.128748,1757.482425,1843.381246,216.3401642,440.3395584,412.008601
ENSG00000275994,SNORA24,163.582541,2.866592593,0.298643697,9.598704468,8.10E-22,3.80E-19,25.89064261,39.05516499,53.44652844,251.2946885,312.1656024,299.6426189
ENSG00000118007,STAG1,567.6356138,-1.77805411,0.185300689,-9.595507268,8.35E-22,3.83E-19,904.1012398,923.1976235,809.0337246,217.284881,272.8864869,279.3097269
ENSG00000158373,H2BC5,591.7778598,-2.134444614,0.223755417,-9.539186309,1.44E-21,6.46E-19,974.5237877,910.7332091,1006.0523,153.0441336,238.775676,267.5380526
ENSG00000199270,RNA5S12,3503.897568,2.254340843,0.238681635,9.44496985,3.56E-21,1.56E-18,921.7068768,1392.690564,1327.779442,4365.536675,7807.241044,5208.430808
ENSG00000206932,RNU6-4P,266.5396086,11.55008571,1.226127111,9.419974163,4.51E-21,1.94E-18,0,0,0,282.4703454,744.2358734,572.5314326
ENSG00000202526,RNA5S13,3499.293554,2.2682761,0.241363576,9.397756427,5.57E-21,2.35E-18,906.1724912,1394.352486,1307.86799,4342.86347,7839.284533,5205.220352
ENSG00000201355,RNA5S14,3503.588644,2.268798307,0.243219835,9.328179609,1.08E-20,4.44E-18,902.0299884,1401.831135,1307.86799,4334.361018,7872.361683,5203.080047
ENSG00000275714,H3C1,437.9193887,-1.913649229,0.205705657,-9.302851735,1.37E-20,5.52E-18,682.4773391,691.3595164,702.1406677,147.3758324,222.2371011,181.9258758
ENSG00000200370,RNA5S17,3495.051227,2.285342319,0.2460312,9.288831312,1.56E-20,6.08E-18,871.996843,1423.43612,1273.284942,4329.637434,7819.644975,5252.307049
ENSG00000202257,RNA5S16,3502.030365,2.278608023,0.245314483,9.288518132,1.56E-20,6.08E-18,884.4243514,1422.605159,1282.716683,4325.858566,7849.621142,5246.956288
ENSG00000202363,SNORA62,304.2428306,3.181853476,0.342888502,9.279557238,1.70E-20,6.46E-18,28.99751972,58.99822796,93.26943198,410.0071234,567.4798535,666.7048271
ENSG00000267773,ENSG00000267773,111.8844655,3.328872297,0.358792454,9.277988603,1.73E-20,6.46E-18,15.53438556,19.11210202,26.19927865,143.5969649,234.6410323,232.2230297
ENSG00000201925,RNA5S15,3493.941374,2.261466571,0.247845726,9.124492898,7.21E-20,2.65E-17,889.6024799,1422.605159,1304.724077,4267.28612,7880.63097,5198.799439
ENSG00000199334,RNA5S11,3518.523774,2.219042215,0.24335406,9.118574852,7.61E-20,2.75E-17,915.4931225,1401.831135,1414.761047,4371.204976,7816.543992,5191.308373
ENSG00000199910,RNA5S10,3515.616667,2.203401909,0.242329207,9.092597355,9.67E-20,3.43E-17,922.7425025,1393.521525,1446.200181,4381.596862,7767.961928,5181.677003
ENSG00000159348,CYB5R1,260.993905,2.25899026,0.248566315,9.088078821,1.01E-19,3.51E-17,66.28004507,102.2081977,101.6532011,425.1225933,375.2189195,495.4804735
ENSG00000145703,IQGAP2,347.8915922,-1.835521489,0.202037059,-9.085073312,1.04E-19,3.55E-17,486.744081,565.0534509,578.4800725,138.8733805,171.5877153,146.6108528
ENSG00000176533,GNG7,90.33092022,3.782289501,0.417524094,9.058853255,1.32E-19,4.44E-17,12.42750845,10.80249244,13.6236249,108.6424405,227.4054058,169.0840493
ENSG00000274266,SNORA73A,1088.507702,2.033917626,0.224965868,9.041005402,1.55E-19,5.14E-17,336.5783539,404.6779862,540.7531113,1379.286636,2059.052583,1810.69754
ENSG00000181201,H2BC27P,304.9738587,-1.901511081,0.210886252,-9.016761719,1.94E-19,6.31E-17,543.7034947,435.4235416,464.2512176,115.2554586,138.5105653,132.6988741
ENSG00000160789,LMNA,1491.826186,-1.757397864,0.195346527,-8.996309746,2.33E-19,7.48E-17,2453.397293,2151.357918,2302.392607,550.7699376,631.5668314,861.4725294
ENSG00000274290,H2BC6,2480.509123,-1.457842191,0.16258246,-8.966786374,3.05E-19,9.64E-17,3462.096729,3444.333168,4004.297748,1147.831002,1475.034155,1349.461937
ENSG00000145833,DDX46,542.4413382,-1.744449782,0.194975617,-8.947015082,3.65E-19,1.13E-16,898.9231113,856.7207469,750.3473404,212.5612967,243.9439807,292.1515535
ENSG00000200343,RNA5S8,3533.42269,2.189338353,0.244948515,8.93795316,3.96E-19,1.21E-16,922.7425025,1384.380955,1504.886565,4402.380633,7794.837113,5191.308373
ENSG00000202521,RNA5S7,3555.30558,2.19709795,0.245954917,8.932929553,4.15E-19,1.25E-16,923.7781282,1378.564228,1516.414248,4420.330254,7867.193378,5225.553244
ENSG00000273907,CA15P2,252.6050621,2.079234179,0.233087712,8.920393781,4.65E-19,1.38E-16,97.3488162,116.334534,75.4539225,392.0575027,402.0941038,432.341493
ENSG00000135842,NIBAN1,108.7729828,2.725031049,0.305878905,8.908855769,5.16E-19,1.51E-16,23.8193912,33.23843829,28.29522094,187.0539411,172.6213762,207.6095288
ENSG00000136450,SRSF1,2948.494337,-1.444218621,0.162633053,-8.880228168,6.67E-19,1.93E-16,4515.32807,4260.336828,4160.445449,1323.548341,1655.924818,1775.382517
ENSG00000273542,H4C12,726.6510377,-1.636555339,0.185709948,-8.812426893,1.22E-18,3.48E-16,1235.501465,1028.729665,1034.347521,316.4801528,332.8388212,412.008601
ENSG00000201321,RNA5S9,4267.548343,2.214936954,0.251405977,8.810200075,1.25E-18,3.50E-16,1044.946336,1695.160353,1797.270515,5411.338255,9450.761931,6205.812669
ENSG00000106069,CHN2,918.7918022,-1.587214509,0.180544267,-8.791276164,1.48E-18,4.09E-16,1373.239684,1356.959243,1405.329307,377.8867496,459.9791162,539.3567141
ENSG00000199396,RNA5S5,3576.608493,2.183972422,0.248651347,8.783272041,1.59E-18,4.33E-16,925.8493796,1381.057111,1563.57295,4440.169308,7910.607137,5238.39507
ENSG00000200624,RNA5S6,3520.787696,2.175952881,0.247777925,8.781867393,1.61E-18,4.33E-16,922.7425025,1369.423658,1535.277729,4363.647241,7796.904435,5136.73061
ENSG00000270882,H4C14,377.8327914,-1.668250692,0.190118998,-8.774771136,1.71E-18,4.55E-16,617.2329197,535.9698174,571.1442745,165.325453,194.3282558,182.996028
ENSG00000201822,RNA5SP149,9961.697524,2.300368599,0.262501171,8.763269873,1.90E-18,4.98E-16,2483.430439,3907.178421,3695.14626,11252.52269,23627.42166,14804.48568
ENSG00000231991,ANXA2P2,211.0233802,-2.4199726,0.27624925,-8.760105586,1.95E-18,5.05E-16,314.8302141,332.3843829,419.1884583,51.95942807,57.88501237,89.89278568
ENSG00000275379,H3C11,288.9068136,-1.803528289,0.206015505,-8.754332775,2.05E-18,5.25E-16,472.2453211,408.832791,466.3471599,118.0896093,140.5778872,127.348113
ENSG00000274641,H2BC17,360.9424941,-1.702864016,0.194695268,-8.746304067,2.20E-18,5.57E-16,539.5609919,559.2367242,557.5206496,145.4863986,181.9243246,181.9258758
ENSG00000161547,SRSF2,1159.4363,-1.657461893,0.190179589,-8.71524597,2.90E-18,7.15E-16,1919.01443,1662.752875,1699.809199,434.5697621,601.5906643,638.8808697
ENSG00000212170,RNU1-77P,71.40905228,5.973076209,0.685330374,8.715615766,2.89E-18,7.15E-16,2.071251408,2.492882872,2.095942292,75.57734993,196.3955777,149.8213095
ENSG00000136010,ALDH1L2,130.9055328,2.505672134,0.288152806,8.695636769,3.45E-18,8.39E-16,47.63878239,36.56228212,33.53507667,222.9531823,194.3282558,250.4156173
ENSG00000151012,SLC7A11,75.55928816,3.23247453,0.371893245,8.691942027,3.56E-18,8.57E-16,18.64126268,11.6334534,13.6236249,134.1497961,143.67887,131.6287219
ENSG00000229686,SNORD56,916.5717459,2.257317878,0.260402468,8.668573301,4.38E-18,1.04E-15,263.0489289,297.4840227,390.8932374,979.6713984,1957.753811,1610.579077
ENSG00000200381,RNA5S4,3601.900712,2.174126254,0.25135032,8.649785117,5.16E-18,1.21E-15,935.1700109,1392.690564,1591.868171,4445.837609,8017.074214,5228.7637
ENSG00000206650,SNORA70G,83.92653321,2.871018066,0.332418371,8.636761125,5.78E-18,1.34E-15,19.67688838,19.94306297,20.95942292,147.3758324,144.7125309,150.8914617
ENSG00000199994,RNA5SP145,3495.88661,2.097933408,0.243370586,8.620324436,6.68E-18,1.53E-15,1025.269447,1329.537532,1617.019478,4191.70877,7701.807629,5109.976805
ENSG00000288776,ENSG00000288776,135.8947377,-3.043637354,0.353997513,-8.597906047,8.12E-18,1.84E-15,195.7332581,335.7082267,195.9706043,39.67810871,26.87518432,21.40304421
ENSG00000117318,ID3,123.4760373,-2.516781439,0.293159926,-8.585011854,9.08E-18,2.04E-15,243.3720405,197.7687078,189.6827774,41.56754246,31.00982806,37.45532737
ENSG00000204978,ERICH4,237.0450989,2.743302872,0.319848988,8.576869015,9.75E-18,2.16E-15,54.88816232,93.06762721,35.63101896,429.8461777,339.0407868,469.7968204
ENSG00000010810,FYN,533.4637202,1.553258235,0.181588523,8.553724729,1.19E-17,2.51E-15,268.2270574,259.2598187,286.0961228,696.2563362,815.5584779,875.3845082
ENSG00000131711,MAP1B,17330.31364,-1.297236129,0.151637908,-8.554827388,1.18E-17,2.51E-15,24387.94971,24008.95494,25510.7616,8833.102773,9740.186993,11500.92581
ENSG00000199337,RNA5S3,3604.463456,2.15249779,0.251609372,8.554918972,1.18E-17,2.51E-15,946.5618937,1392.690564,1631.691074,4443.003459,7981.929742,5230.904005
ENSG00000199352,RNA5S1,3637.497289,2.157246215,0.252137292,8.555839553,1.17E-17,2.51E-15,960.0250278,1386.042877,1650.554555,4440.169308,8077.026548,5311.165421
ENSG00000200087,SNORA73B,479.5755187,1.994251351,0.233081612,8.556021792,1.17E-17,2.51E-15,135.6669673,199.4306297,242.0813347,681.1408662,818.6594607,800.4738534
ENSG00000104067,TJP1,860.1580325,-1.397130235,0.163433649,-8.548608228,1.25E-17,2.59E-15,1285.211499,1172.485911,1282.716683,424.1778765,483.7533177,512.6029088
ENSG00000124795,DEK,910.8381648,-1.555403292,0.182245522,-8.534658507,1.41E-17,2.90E-15,1385.667192,1448.364948,1242.893779,396.7810871,444.4742022,546.8477796
ENSG00000238917,SNORD10,285.6057937,2.128103074,0.250311787,8.501809266,1.87E-17,3.81E-15,74.5650507,121.3202998,122.6126241,416.6201415,443.4405412,535.0761052
ENSG00000206941,SNORD15A,2700.85948,1.605610319,0.188984156,8.496004923,1.96E-17,3.96E-15,1209.610823,1155.866692,1643.218757,3609.763176,3946.517451,4640.179985
ENSG00000201588,RNA5S2,3605.981625,2.148741264,0.253283293,8.483549143,2.18E-17,4.37E-15,943.4550165,1386.042877,1651.602526,4434.501007,7982.963403,5237.324918
ENSG00000228218,ATF4P3,1240.550245,1.450881654,0.171161294,8.476692457,2.32E-17,4.59E-15,641.0523109,664.7687658,687.4690717,1558.782842,1784.098774,2107.129702
ENSG00000175197,DDIT3,140.5842402,2.60119857,0.306993913,8.473127517,2.39E-17,4.68E-15,54.88816232,27.42171159,37.72696125,216.3401642,246.0113026,261.1171394
ENSG00000132646,PCNA,665.133336,-1.619039261,0.191186721,-8.468366712,2.49E-17,4.83E-15,1056.338218,904.0855215,1050.067088,302.3093997,286.3240791,391.675709
ENSG00000285480,H2BK1,121.1903714,-10.34380461,1.225190937,-8.442606206,3.10E-17,5.97E-15,155.3438556,302.4697884,269.3285845,0,0,0
ENSG00000117020,AKT3,1020.49665,-1.273231602,0.152074465,-8.372422031,5.64E-17,1.08E-14,1477.83788,1475.78666,1377.034086,557.3829557,606.758969,628.1793476
ENSG00000095303,PTGS1,175.5415242,2.062138938,0.246511058,8.365299948,6.00E-17,1.12E-14,65.24441937,68.96975945,69.16609563,270.189026,252.2132682,327.4665764
ENSG00000277754,U3,750.8734008,2.183150717,0.260954489,8.366020917,5.96E-17,1.12E-14,173.9851183,290.836335,347.9264204,971.1689466,1487.438086,1233.885499
ENSG00000162733,DDR2,556.2717862,1.617351789,0.194798594,8.302687162,1.02E-16,1.87E-14,260.9776775,272.555194,287.144094,1008.957622,753.5388218,754.4573084
ENSG00000201998,SNORA23,144.3306333,2.458590094,0.296112139,8.302902089,1.02E-16,1.87E-14,45.56753099,29.91459446,58.68638417,251.2946885,241.8766588,238.6439429
ENSG00000206652,RNU1-1,1569.17314,14.10810553,1.700128777,8.298257007,1.06E-16,1.92E-14,0,0,0,778.4467042,2654.441282,5982.150857
ENSG00000199293,SNORA21,159.582653,2.872656946,0.347220931,8.273282759,1.30E-16,2.35E-14,18.64126268,55.67438413,39.82290354,232.400351,305.9636368,304.99338
ENSG00000110841,PPFIBP1,819.1454118,-1.333113726,0.161186732,-8.270617013,1.33E-16,2.38E-14,1106.048252,1177.471676,1234.51001,430.7908946,463.080099,502.9715389
ENSG00000115414,FN1,787.2978082,-1.671615271,0.202428052,-8.257824202,1.48E-16,2.63E-14,1159.900789,1227.329334,1207.26276,298.5305322,354.5457008,476.2177337
ENSG00000130402,ACTN4,1173.412154,-1.298094805,0.157372484,-8.248550026,1.60E-16,2.82E-14,1605.219842,1657.76711,1741.728044,632.0155888,645.0044236,758.7379172
ENSG00000169136,ATF5,246.4214139,1.880889553,0.22923852,8.204945453,2.31E-16,4.02E-14,96.31319049,98.05339295,121.5646529,329.7061891,415.531696,417.3593621
ENSG00000151929,BAG3,1030.244132,-1.342662075,0.163848471,-8.19453525,2.52E-16,4.34E-14,1510.977902,1450.857831,1471.351489,565.8854076,518.8977895,663.4943705
ENSG00000134057,CCNB1,4395.070433,1.848298112,0.226096948,8.174803449,2.96E-16,5.07E-14,1657.001127,1851.381013,2223.794771,9173.200847,6472.784777,4992.260062
ENSG00000132475,H3-3B,4860.058327,-1.396280873,0.170862309,-8.171965357,3.03E-16,5.15E-14,7185.171136,7075.632551,6870.498832,2188.908997,2658.575925,3181.562522
ENSG00000165029,ABCA1,383.5647972,1.603188423,0.196603097,8.154441327,3.51E-16,5.90E-14,188.4838782,166.1921914,215.882056,534.7097507,615.0282565,581.0926503
ENSG00000196220,SRGAP3,796.7472143,-1.242775985,0.152574039,-8.145396096,3.78E-16,6.31E-14,1117.440135,1101.854229,1141.240578,466.6901358,492.0226052,461.2356027
ENSG00000116717,GADD45A,149.8444716,2.400049534,0.29525074,8.12885188,4.33E-16,7.18E-14,39.35377676,53.18150126,50.302615,195.5563929,244.9776417,315.6949021
ENSG00000135829,DHX9,1715.611755,-1.337532408,0.164843185,-8.113968496,4.90E-16,8.05E-14,2590.099886,2340.817017,2443.868712,830.4061323,983.0115494,1105.467233
ENSG00000169840,GSX1,210.9057622,2.6944078,0.332903411,8.093662336,5.79E-16,9.43E-14,42.46065387,55.67438413,71.26203792,409.0624065,213.9678136,473.007277
ENSG00000187840,EIF4EBP1,674.8449432,1.622990172,0.20084659,8.080745475,6.44E-16,1.04E-13,353.1483651,278.3719207,361.5500453,869.1395242,985.0788713,1201.780932
ENSG00000164604,GPR85,161.4429879,2.144132143,0.265489123,8.076158157,6.68E-16,1.07E-13,66.28004507,63.98399371,48.20667271,284.3597791,222.2371011,283.5903358
ENSG00000196517,SLC6A9,123.1507275,2.583853714,0.322109866,8.021653433,1.04E-15,1.66E-13,35.21127394,24.92882872,46.11073042,173.8279048,250.1459463,208.679681
ENSG00000179588,ZFPM1,706.7285987,-1.275791679,0.159997117,-7.973841674,1.54E-15,2.43E-13,971.4169106,1046.179845,982.9969348,396.7810871,402.0941038,440.9027107
ENSG00000146676,PURB,829.2405905,-1.479497021,0.186360918,-7.938880297,2.04E-15,3.19E-13,1182.684554,1165.838223,1313.107846,363.7159965,430.0029491,520.0939743
ENSG00000108424,KPNB1,5028.016901,-1.268332134,0.160213729,-7.916500906,2.44E-15,3.80E-13,7356.049377,6635.223243,7326.366281,2506.333867,2993.482068,3350.646571
ENSG00000064666,CNN2,63.59936806,-3.110712775,0.393468805,-7.905868856,2.66E-15,4.10E-13,122.2038331,101.3772368,118.4207395,12.28131936,14.47125309,12.84182653
ENSG00000078549,ADCYAP1R1,143.6808401,-2.08006751,0.263599063,-7.89102772,3.00E-15,4.59E-13,257.8708004,206.9092783,232.6495944,60.46187994,49.61572489,54.57776274
ENSG00000238363,SNORA13,95.39938986,2.557362574,0.324263092,7.886690268,3.10E-15,4.71E-13,20.71251408,30.74555542,31.43913438,149.2652661,183.9916465,156.2422227
ENSG00000172432,GTPBP2,225.2683191,2.091977601,0.265420596,7.881745555,3.23E-15,4.87E-13,101.491319,93.06762721,61.8302976,304.1988335,358.6803445,432.341493
ENSG00000246705,H2AJ,2286.815584,-1.44675323,0.183933563,-7.865629329,3.67E-15,5.49E-13,3018.848928,3391.982627,3627.028136,997.621019,1474.000494,1211.412302
ENSG00000114302,PRKAR2A,673.7020167,-1.43176898,0.183503654,-7.802400363,6.07E-15,9.02E-13,1027.340699,921.5357016,999.7644731,306.0882672,367.9832929,419.4996665
ENSG00000113163,CERT1,537.9061528,-1.322790497,0.170479296,-7.759244271,8.54E-15,1.26E-12,743.5792556,768.6388854,793.3141574,286.2492128,333.8724821,301.7829234
ENSG00000204186,ZDBF2,471.8686422,-1.346967005,0.173653941,-7.756616374,8.72E-15,1.28E-12,684.5485905,633.1922494,714.7163215,261.6865741,277.0211306,260.0469871
ENSG00000275529,SNORD116-4,1849.379064,1.923743386,0.248059741,7.755161632,8.82E-15,1.28E-12,609.9835398,813.5107771,890.775474,1923.443556,3790.43465,3068.126387
ENSG00000254341,SNORD87,1344.247979,1.826825569,0.235597386,7.754014602,8.90E-15,1.28E-12,517.8128521,580.8417091,674.8934179,1469.979456,2792.951847,2029.008591
ENSG00000136040,PLXNC1,494.0284889,1.618090501,0.210339772,7.692746308,1.44E-14,2.06E-12,198.8401352,283.3576864,245.2252481,635.7944563,757.6734655,843.2799419
ENSG00000196365,LONP1,667.3964317,1.517255533,0.197323136,7.689192274,1.48E-14,2.11E-12,385.252762,343.1868753,308.1035169,826.6272648,974.7422619,1166.465909
ENSG00000209480,SNORD83B,410.6576885,2.122298507,0.276445476,7.677096172,1.63E-14,2.30E-12,120.1325817,167.8541134,171.8672679,442.1274971,892.0493871,669.9152838
ENSG00000271798,SNORA51,89.31048307,2.590766105,0.34111248,7.595049307,3.08E-14,4.32E-12,23.8193912,29.0836335,23.05536521,118.0896093,169.5203934,172.2945059
ENSG00000115241,PPM1G,1280.021735,-1.169560782,0.154339913,-7.577824548,3.51E-14,4.90E-12,1816.487485,1723.413025,1776.311092,709.4823724,788.6832936,865.7531383
ENSG00000143061,IGSF3,281.6003254,-1.620706461,0.214038023,-7.572049298,3.67E-14,5.08E-12,415.2859074,375.5943527,484.1626694,126.5920611,148.8471747,139.1197874
ENSG00000277027,RMRP,29650.50205,1.646065152,0.217466048,7.569297222,3.75E-14,5.16E-12,12071.25321,12628.94463,18378.26998,34388.63893,53655.27183,46780.63373
ENSG00000166436,TRIM66,256.694736,2.071787982,0.274799741,7.539264671,4.73E-14,6.41E-12,67.31567077,127.1370265,100.60523,341.0427915,490.9889442,413.0787533
ENSG00000200558,RNA5SP429,573.3351466,2.2442429,0.297668365,7.539406814,4.72E-14,6.41E-12,147.05885,210.2331222,242.0813347,674.5278481,1421.283786,744.8259385
ENSG00000115738,ID2,203.5586232,-1.698944803,0.225901326,-7.520738504,5.45E-14,7.33E-12,331.4002254,302.4697884,299.7197477,89.74810304,89.92850137,108.0853733
ENSG00000068366,ACSL4,2286.466721,-1.285572888,0.171258765,-7.50661075,6.07E-14,8.12E-12,3386.496053,3066.245932,3274.909831,1094.926857,1353.062164,1543.159488
ENSG00000134107,BHLHE40,183.5928652,1.815025899,0.244292851,7.429713521,1.09E-13,1.45E-11,74.5650507,78.11032998,91.17348969,253.1841223,275.9874697,328.5367286
ENSG00000199480,RNA5SP389,912.8703714,2.185895358,0.295111225,7.407022067,1.29E-13,1.71E-11,221.6239007,294.9911398,470.5390445,1093.98214,2077.65848,1318.427523
ENSG00000151718,WWC2,518.760056,-1.290234994,0.174239216,-7.404963278,1.31E-13,1.72E-11,745.650507,761.1602368,702.1406677,293.8069478,278.0547916,331.7471853
ENSG00000202354,RNY3,3730.36232,1.728051431,0.233869279,7.38896293,1.48E-13,1.93E-11,1353.562795,1638.655008,2197.595493,4101.01595,6845.936374,6245.4083
ENSG00000187778,MCRS1,280.3677035,-1.553680534,0.210623388,-7.376581244,1.62E-13,2.10E-11,473.2809468,385.5658842,396.1330931,142.652248,154.0154794,130.5585697
ENSG00000099194,SCD,985.6780844,1.178253541,0.160374553,7.346885887,2.03E-13,2.61E-11,626.5535511,587.4893968,598.3915243,1216.795334,1402.677889,1482.160812
ENSG00000258186,SLC7A5P2,187.9518419,1.876203613,0.256622225,7.311150117,2.65E-13,3.39E-11,100.4556933,73.12456424,68.11812448,311.7565684,254.2805901,319.9755109
ENSG00000209042,SNORD12C,834.3979264,2.079417652,0.284940485,7.297726236,2.93E-13,3.72E-11,254.7639232,296.6530617,406.6128046,810.567078,1832.680838,1405.109852
ENSG00000202093,SNORD58C,279.7850376,2.182231119,0.300742184,7.256152403,3.98E-13,5.03E-11,71.45817359,117.9964559,113.1808838,330.6509059,639.8361189,405.5876878
ENSG00000100889,PCK2,228.6144831,1.790516652,0.247514142,7.233997369,4.69E-13,5.88E-11,81.81443063,112.1797292,113.1808838,292.862231,361.7813273,409.8682966
ENSG00000201675,SNORD32A,104.3894524,2.372000298,0.328204669,7.227198531,4.93E-13,6.15E-11,25.89064261,36.56228212,38.7749324,145.4863986,220.1697792,159.4526794
ENSG00000044115,CTNNA1,1313.004359,-1.13520522,0.157143796,-7.223990043,5.05E-13,6.26E-11,1724.316798,1778.256448,1910.451399,735.9344449,826.9287482,902.1383134
ENSG00000145934,TENM2,204.8417463,1.61881606,0.224230094,7.219441576,5.22E-13,6.43E-11,98.3844419,94.72954912,108.9889992,287.1939297,339.0407868,300.7127711
ENSG00000168497,CAVIN2,231.3129295,-1.870171949,0.260573492,-7.177138148,7.12E-13,8.71E-11,365.5758736,381.4110794,342.6865647,105.8082899,67.18796079,125.2078086
ENSG00000128708,HAT1,624.3171361,-1.17381575,0.163785266,-7.166796992,7.68E-13,9.34E-11,854.391206,833.4538401,907.5430123,367.494864,373.1515976,409.8682966
ENSG00000166402,TUB,386.9655631,-1.335520375,0.187143538,-7.136342448,9.58E-13,1.16E-10,528.1691092,571.7011386,562.7605053,201.2246942,244.9776417,212.9602899
ENSG00000055044,NOP58,1125.036553,-1.342515491,0.188180973,-7.13417232,9.74E-13,1.17E-10,1739.851183,1606.24753,1494.406854,508.2576783,649.1390673,752.317004
ENSG00000123384,LRP1,675.6410221,1.156407512,0.162455961,7.118283019,1.09E-12,1.31E-10,394.5733933,436.2545025,424.4283141,980.6161153,945.7997558,872.1740516
ENSG00000168003,SLC3A2,1776.284735,1.180744194,0.166003084,7.112784685,1.14E-12,1.35E-10,1090.513867,983.8577734,1188.399279,2164.346359,2464.24767,2766.343464
ENSG00000115902,SLC1A4,243.9264771,1.457988969,0.205571262,7.092377396,1.32E-12,1.56E-10,138.7738444,127.1370265,124.7085664,343.8769422,355.5793617,373.4831215
ENSG00000112658,SRF,521.5315764,-1.29348686,0.18250567,-7.087379044,1.37E-12,1.61E-10,728.0448701,723.7669937,770.2587922,258.8524235,310.0982806,338.1680985
ENSG00000275713,H2BC9,264.8646224,-1.514542002,0.214135878,-7.072808224,1.52E-12,1.77E-10,375.9321306,379.7491575,421.2844006,118.0896093,156.0828012,138.0496352
ENSG00000128272,ATF4,1805.950685,1.161421199,0.164541488,7.058531036,1.68E-12,1.95E-10,1150.580157,1032.053509,1165.343914,2172.84881,2471.483296,2843.394423
ENSG00000200156,RNU5B-1,381.700297,2.031281545,0.288342754,7.044676921,1.86E-12,2.15E-10,112.8832018,157.8825819,179.2030659,440.2380633,872.4098294,527.5850398
ENSG00000163430,FSTL1,366.6888626,-1.311239487,0.186187204,-7.042586492,1.89E-12,2.17E-10,542.667869,474.4787066,551.2328227,206.8929954,211.9004917,212.9602899
ENSG00000200530,SNORD35B,136.1005194,2.094455321,0.297519354,7.039727985,1.93E-12,2.20E-10,49.7100338,45.70285265,59.73435531,163.4360192,261.5162166,236.5036385
ENSG00000128965,CHAC1,99.51711486,2.160838263,0.307297607,7.031744525,2.04E-12,2.31E-10,41.42502817,38.22420403,29.34319208,170.9937542,141.6115481,175.5049625
ENSG00000168036,CTNNB1,1681.840449,-1.105212133,0.157265135,-7.027699648,2.10E-12,2.37E-10,2472.038556,2165.484255,2251.042021,946.6063078,1091.545948,1164.325605
ENSG00000113649,TCERG1,1072.732747,-1.077948474,0.153788933,-7.009272061,2.40E-12,2.69E-10,1475.766629,1387.704799,1503.838594,632.9603056,697.7211313,738.4050252
ENSG00000139645,ANKRD52,1061.583758,-1.055309194,0.150665545,-7.004316695,2.48E-12,2.77E-10,1442.626606,1373.578462,1483.927143,649.9652094,686.350861,733.0542642
ENSG00000075624,ACTB,10223.30137,-1.080808074,0.154681413,-6.987317059,2.80E-12,3.11E-10,14402.44667,13088.46604,14158.09018,5588.945027,6837.667087,7264.193205
ENSG00000185130,H2BC13,413.191773,-1.723300887,0.246692283,-6.985629493,2.84E-12,3.13E-10,648.3016908,615.7420693,638.2144278,123.7579105,229.4727276,223.661812
ENSG00000278274,SNORA61,305.2625391,1.800663576,0.257853167,6.983290523,2.88E-12,3.17E-10,123.2394588,140.4324018,144.6200181,348.6005265,629.4995096,445.1833196
ENSG00000154229,PRKCA,224.4406482,-1.485986217,0.213012953,-6.976036871,3.04E-12,3.32E-10,313.7945884,327.3986171,351.0703339,113.3660249,114.7363638,126.2779608
ENSG00000103342,GSPT1,1759.508347,-1.086452623,0.155875042,-6.970022954,3.17E-12,3.43E-10,2578.708004,2296.776086,2301.344636,1003.28932,1148.397299,1228.534738
ENSG00000152518,ZFP36L2,1120.084219,-1.294796948,0.185768928,-6.969932802,3.17E-12,3.43E-10,1674.606764,1551.404107,1547.853382,536.5991845,618.1292393,791.9126358
ENSG00000113300,CNOT6,798.3821707,-1.117711988,0.16074645,-6.9532608,3.57E-12,3.83E-10,1127.796392,1048.672728,1102.465645,455.3535333,521.9987723,534.005953
ENSG00000278677,H2AC17,327.1916299,-1.479751455,0.213171073,-6.941614717,3.88E-12,4.14E-10,438.0696729,496.0836915,510.361948,140.7628142,178.8233418,199.0483112
ENSG00000273041,ATF4P2,296.4028143,1.51909336,0.219232184,6.929153055,4.23E-12,4.50E-10,172.9494926,135.446636,151.9558161,379.7761834,431.03661,507.2521478
ENSG00000178691,SUZ12,374.1908746,-1.306225035,0.188854332,-6.916574377,4.63E-12,4.89E-10,538.5253662,503.5623401,556.4726784,202.1694111,203.6312042,240.7842474
ENSG00000201619,ENSG00000201619,76.79597107,2.626827318,0.380279175,6.907628634,4.93E-12,5.18E-10,17.60563697,28.25267255,17.81550948,101.0847055,163.3184278,132.6988741
ENSG00000101333,PLCB4,870.7243058,-1.041004209,0.15091195,-6.898089971,5.27E-12,5.50E-10,1187.862683,1154.20477,1173.727683,577.2220101,540.6046691,590.7240202
ENSG00000166123,GPT2,168.8207269,1.643541151,0.238268244,6.897860689,5.28E-12,5.50E-10,80.77880493,78.94129094,85.93363396,228.6214835,262.5498776,276.0992703
ENSG00000180182,MED14,406.8605128,-1.306895458,0.189755212,-6.887270417,5.69E-12,5.89E-10,600.6629084,550.9271146,586.8638417,213.5060135,268.7518432,220.4513554
ENSG00000230571,ENSG00000230571,68.24208777,3.684797691,0.535635042,6.879306625,6.01E-12,6.20E-10,1.035625704,11.6334534,16.76753833,134.1497961,159.183784,86.68232905
ENSG00000188375,H3-5,353.1474808,-1.407463145,0.205020288,-6.864994481,6.65E-12,6.82E-10,487.7797067,503.5623401,547.0409381,163.4360192,190.1936121,226.8722686
ENSG00000127314,RAP1B,1202.504961,-1.056510729,0.153919949,-6.864027302,6.69E-12,6.83E-10,1663.214881,1670.231524,1538.421642,715.1506737,779.3803452,848.6307029
ENSG00000187837,H1-2,236.62716,-1.626714064,0.237247481,-6.856612579,7.05E-12,7.16E-10,336.5783539,358.1441726,377.2696125,87.85866929,125.0729732,134.8391785
ENSG00000146648,EGFR,285.1686515,1.739003534,0.253935898,6.848198897,7.48E-12,7.55E-10,149.1301014,118.8274169,126.8045086,497.8657926,311.1319415,507.2521478
ENSG00000104738,MCM4,502.9179584,-1.210587855,0.176962419,-6.840931878,7.87E-12,7.91E-10,713.5461102,663.9378048,729.3879175,270.189026,319.401229,321.0456631
ENSG00000162613,FUBP1,1030.328448,-1.221643086,0.178838305,-6.830992325,8.43E-12,8.43E-10,1500.621645,1415.957471,1409.521191,510.147112,621.2302221,724.4930465
ENSG00000187479,C11orf96,123.9053258,1.897417064,0.277934055,6.826860663,8.68E-12,8.64E-10,61.10191655,43.20996978,53.44652844,177.6067723,202.5975433,205.4692244
ENSG00000101935,AMMECR1,346.2043464,-1.351481987,0.198058206,-6.823660649,8.87E-12,8.79E-10,477.4234496,541.7865441,472.6349868,174.7726217,191.227273,219.3812032
ENSG00000124575,H1-3,103.4987574,-2.081911482,0.305155685,-6.822456809,8.95E-12,8.82E-10,163.6288613,163.6993086,175.0111814,35.89924122,50.64938583,32.10456631
ENSG00000138668,HNRNPD,1727.965303,-1.298427097,0.190646498,-6.810652742,9.72E-12,9.53E-10,2349.834723,2546.064373,2474.259875,789.7833067,966.4729745,1241.376564
ENSG00000196890,H2BC26,380.5482417,-1.399851701,0.205670588,-6.806280441,1.00E-11,9.77E-10,545.7747461,546.7723099,562.7605053,165.325453,232.5737104,230.0827253
ENSG00000201098,RNY1,475.7848479,1.781747968,0.261918749,6.802674397,1.03E-11,9.97E-10,162.5932356,206.0783174,274.5684402,538.4886182,930.2948417,742.6856341
ENSG00000221866,PLXNA4,1013.873091,-1.035753078,0.15238673,-6.79687188,1.07E-11,1.03E-09,1405.344081,1287.989484,1395.897566,674.5278481,697.7211313,621.7584343
ENSG00000109670,FBXW7,470.7462685,-1.22861755,0.181029149,-6.786849283,1.15E-11,1.10E-09,649.3373165,631.5303275,698.9967543,294.7516647,248.0786245,301.7829234
ENSG00000197594,ENPP1,116.1578958,-2.130460276,0.314503959,-6.774033254,1.25E-11,1.20E-09,163.6288613,186.1352544,217.9779983,54.7935787,44.44742022,29.96426189
ENSG00000278774,U2,154.3512145,2.288912567,0.338503897,6.761849971,1.36E-11,1.30E-09,32.10439683,58.99822796,66.02218219,253.1841223,333.8724821,181.9258758
ENSG00000123505,AMD1,1074.183086,-1.159121093,0.171853337,-6.74482738,1.53E-11,1.45E-09,1512.013528,1458.33648,1480.783229,564.9406907,656.3746939,772.649896
ENSG00000113648,MACROH2A1,559.7368022,-1.234870607,0.183523681,-6.728671759,1.71E-11,1.62E-09,782.9330324,750.3577444,823.7053206,337.263924,284.2567572,379.9040347
ENSG00000181104,F2R,210.9629179,-1.615073934,0.240277961,-6.721689848,1.80E-11,1.69E-09,315.8658398,377.2562746,260.9448153,106.7530068,105.4334154,99.52415558
ENSG00000145920,CPLX2,282.0779211,-1.411572909,0.210297705,-6.712260167,1.92E-11,1.79E-09,397.6802704,397.1993376,434.9080255,129.4262117,169.5203934,163.7332882
ENSG00000198563,DDX39B,1324.867722,-1.136735573,0.16942845,-6.709236676,1.96E-11,1.82E-09,1813.380608,1789.058941,1861.196755,719.8742581,789.7169545,975.978816
ENSG00000147140,NONO,3103.78418,-1.107406721,0.165559659,-6.688868093,2.25E-11,2.07E-09,4282.312287,4132.36884,4304.017496,1646.641512,1961.888455,2295.476492
ENSG00000200084,SNORD68,286.8133185,1.932352679,0.288862794,6.689517376,2.24E-11,2.07E-09,100.4556933,164.5302695,91.17348969,344.821659,574.71548,445.1833196
ENSG00000188219,POTEE,944.4528313,-1.079383894,0.161590066,-6.679766418,2.39E-11,2.20E-09,1322.494024,1178.302637,1345.594951,548.8805038,633.6341533,637.8107175
ENSG00000099783,HNRNPM,3316.893017,-1.169954974,0.175183793,-6.67844299,2.41E-11,2.21E-09,4745.236977,4512.117998,4519.899552,1658.922831,2016.672485,2448.508258
ENSG00000169564,PCBP1,2111.859729,-1.049389254,0.157468329,-6.66412897,2.66E-11,2.42E-09,2946.355129,2763.776144,2832.666007,1175.227791,1468.832189,1484.301116
ENSG00000200354,SNORA71D,73.80023308,2.543372972,0.38194666,6.658974246,2.76E-11,2.50E-09,14.49875986,19.11210202,31.43913438,122.8131936,144.7125309,110.2256777
ENSG00000148737,TCF7L2,149.3237352,-1.61992766,0.243574641,-6.650641688,2.92E-11,2.63E-09,213.3388951,226.8523413,235.7935078,73.68791618,70.2889436,75.98080695
ENSG00000228002,DHX9P1,349.2593371,-1.312902495,0.19767828,-6.641612308,3.10E-11,2.79E-09,534.3828634,458.6904484,500.9302077,181.3856398,193.2945949,226.8722686
ENSG00000124207,CSE1L,663.5015064,-1.074654149,0.162070929,-6.630764419,3.34E-11,2.98E-09,884.4243514,892.4520681,922.2146083,393.0022196,435.1712537,453.7445372
ENSG00000212304,SNORD12,386.3357521,1.885643165,0.284594478,6.625719444,3.46E-11,3.07E-09,150.1657271,174.501801,168.7233545,358.0476953,805.2218686,661.3540661
ENSG00000132522,GPS2,285.8492766,-1.331388419,0.20152399,-6.606600139,3.93E-11,3.48E-09,405.9652761,398.0302985,423.3803429,165.325453,143.67887,178.7154192
ENSG00000083720,OXCT1,328.482334,-1.342610082,0.203514283,-6.597129511,4.19E-11,3.70E-09,467.0671926,469.4929408,476.8268714,184.2197904,157.1164622,216.1707465
ENSG00000169813,HNRNPF,2516.588647,-1.179710999,0.179034638,-6.589289169,4.42E-11,3.88E-09,3714.789401,3453.473738,3306.348965,1245.13684,1539.121133,1840.661802
ENSG00000169083,AR,169.2058135,-1.687215727,0.256109803,-6.587860791,4.46E-11,3.90E-09,240.2651634,298.3149836,235.7935078,70.85376556,95.09680604,74.91065473
ENSG00000145907,G3BP1,1084.132312,-1.044021212,0.158657698,-6.580337563,4.69E-11,4.07E-09,1486.122886,1435.069573,1458.775835,625.4025706,723.5626547,775.8603526
ENSG00000204217,BMPR2,1412.339461,-1.03948187,0.157962306,-6.580569097,4.69E-11,4.07E-09,1891.052536,1785.735097,2023.632283,817.1800961,964.4056526,992.0310991
ENSG00000092621,PHGDH,1035.651889,1.19587935,0.181973151,6.571735131,4.97E-11,4.29E-09,661.764825,671.4164534,554.3767362,1216.795334,1463.663884,1645.8941
ENSG00000199568,RNU5A-1,148.6075727,1.978033582,0.301172158,6.567783681,5.11E-11,4.39E-09,46.60315669,56.50534509,77.54986479,199.3352604,299.7616712,211.8901377
ENSG00000135362,PRR5L,344.7877878,1.845292812,0.281315432,6.559515056,5.40E-11,4.62E-09,88.02818486,201.0925516,160.3395853,513.9259795,609.8599518,495.4804735
ENSG00000277194,SNORD22,126.0401384,2.648506088,0.403855663,6.558051134,5.45E-11,4.65E-09,14.49875986,39.05516499,50.302615,166.2701698,295.6270275,190.4870935
ENSG00000202268,U3,47.11008519,2.902885123,0.442840214,6.555152468,5.56E-11,4.72E-09,8.285005634,13.29537532,11.5276826,71.79848243,87.8611795,89.89278568
ENSG00000100345,MYH9,7255.611252,-1.021512271,0.156628885,-6.521863894,6.94E-11,5.87E-09,9356.878238,9887.60443,9921.142838,4172.814433,4641.137599,5554.089972
ENSG00000108953,YWHAE,1913.5072,-1.097187496,0.16825181,-6.521103667,6.98E-11,5.87E-09,2708.161217,2475.432692,2639.839316,1008.957622,1272.436611,1376.215743
ENSG00000185591,SP1,979.7999545,-1.056828723,0.162085834,-6.520179429,7.02E-11,5.89E-09,1360.812175,1268.877382,1340.355096,582.8903113,607.7926299,718.0721332
ENSG00000134184,GSTM1,62.3721688,2.770834826,0.42521468,6.51631977,7.21E-11,6.01E-09,12.42750845,23.2669068,11.5276826,82.19036805,128.173956,116.6465909
ENSG00000163501,IHH,132.5114055,1.930505972,0.296442922,6.512234991,7.40E-11,6.15E-09,59.03066514,54.84342318,51.35058615,188.9433748,272.8864869,168.013897
ENSG00000187555,USP7,1097.764386,-0.988948787,0.152944945,-6.466044273,1.01E-10,8.33E-09,1480.944757,1457.505519,1440.960326,665.0806794,757.6734655,784.4215703
ENSG00000123136,DDX39A,225.6499184,-1.416443503,0.21928377,-6.459408756,1.05E-10,8.67E-09,350.041488,326.5676562,308.1035169,108.6424405,137.4769044,123.0675042
ENSG00000125944,HNRNPR,1284.263791,-1.12775439,0.174944643,-6.44634995,1.15E-10,9.41E-09,1683.927395,1798.199511,1803.558342,654.6887937,864.1405419,901.0681612
ENSG00000152332,UHMK1,298.2102269,-1.236163537,0.192263151,-6.429539585,1.28E-10,1.05E-08,431.8559187,407.170869,417.092516,173.8279048,189.1599512,170.1542015
ENSG00000120948,TARDBP,1530.198288,-1.206988123,0.187879312,-6.424273694,1.33E-10,1.07E-08,2140.638331,2164.653294,2100.134176,710.4270893,971.6412791,1093.695559
ENSG00000277075,H2AC8,169.619134,-1.599258093,0.248924116,-6.424681231,1.32E-10,1.07E-08,241.3007891,250.1192481,273.5204691,68.96433181,98.19778885,85.61217684
ENSG00000184009,ACTG1,8303.883712,-1.017202248,0.158396654,-6.421867016,1.35E-10,1.09E-08,11672.53731,10677.8483,10996.36123,4606.439478,5729.582564,6140.533384
ENSG00000121068,TBX2,409.8889176,-1.22554536,0.190956011,-6.417945953,1.38E-10,1.11E-08,596.5204056,535.9698174,590.0077551,224.842616,229.4727276,282.5201836
ENSG00000189403,HMGB1,2714.604235,-1.154711603,0.1802017,-6.407884081,1.48E-10,1.18E-08,3690.97001,3763.422175,3784.223808,1324.493057,1716.910813,2007.605547
ENSG00000206808,Y_RNA,230.4943902,1.736140034,0.271047105,6.405307433,1.50E-10,1.20E-08,85.95693345,110.5178073,122.6126241,259.7971404,443.4405412,360.6412949
ENSG00000226086,EIF3LP3,316.8812632,-1.40920238,0.220129304,-6.401702802,1.54E-10,1.22E-08,532.311612,412.9875957,435.9559967,170.9937542,146.7798528,202.2587678
ENSG00000087074,PPP1R15A,485.2419617,1.338270172,0.209227866,6.396232947,1.59E-10,1.26E-08,277.5476887,240.9786776,307.0555457,635.7944563,605.7253081,844.3500941
ENSG00000213467,HMGB1P37,191.6989365,-1.572361564,0.246028209,-6.390980808,1.65E-10,1.30E-08,299.2958285,258.4288577,302.8636611,85.02451867,85.79385763,118.7868954
ENSG00000112081,SRSF3,916.5107099,-1.242195169,0.194588073,-6.383716903,1.73E-10,1.36E-08,1407.415332,1233.146061,1224.030298,431.7356115,548.8739566,653.8630006
ENSG00000094916,CBX5,1933.533699,-1.100127675,0.172667135,-6.371378532,1.87E-10,1.47E-08,2754.764373,2420.589268,2735.204691,1028.796676,1232.123835,1429.723353
ENSG00000082805,ERC1,896.0542308,-1.04949218,0.164790751,-6.368635199,1.91E-10,1.49E-08,1328.707779,1188.274169,1107.705501,534.7097507,601.5906643,615.337521
ENSG00000273544,SNORA44,39.54654171,3.079301323,0.483736672,6.365656149,1.94E-10,1.51E-08,7.24937993,7.478648615,10.47971146,66.13018119,79.59189201,66.34943705
ENSG00000114841,DNAH1,150.2330299,2.072919362,0.326085231,6.356986356,2.06E-10,1.59E-08,60.06629084,60.66014988,52.39855729,354.2688278,197.4292386,176.5751147
ENSG00000092201,SUPT16H,1638.697405,-1.072092389,0.168894459,-6.347706112,2.19E-10,1.68E-08,2303.231566,2054.966447,2304.48855,895.5915966,1065.704424,1208.201846
ENSG00000206602,SNORD58A,133.0984839,2.019604208,0.319578846,6.319580396,2.62E-10,2.01E-08,54.88816232,40.7170869,62.87826875,188.9433748,285.2904181,165.8735926
ENSG00000152601,MBNL1,2617.783998,-1.051725605,0.166447517,-6.318662035,2.64E-10,2.02E-08,3625.72559,3401.954159,3567.29378,1394.402106,1829.579855,1887.748499
ENSG00000232203,SLC25A6P2,45.1953526,3.167902662,0.502342277,6.306263292,2.86E-10,2.18E-08,5.178128521,14.12633627,7.335798021,62.35131369,83.72653576,98.45400337
ENSG00000112739,PRPF4B,788.4287295,-1.142462831,0.181309002,-6.301191984,2.95E-10,2.24E-08,1047.017587,1017.927173,1190.495222,425.1225933,479.618674,570.3911282
ENSG00000206597,SNORA57,71.97421322,2.537542161,0.403199311,6.293518096,3.10E-10,2.35E-08,14.49875986,15.78825819,33.53507667,107.6977236,143.67887,116.6465909
ENSG00000110958,PTGES3,2638.057536,-1.012154814,0.161040933,-6.285077949,3.28E-10,2.47E-08,3727.216909,3385.33494,3468.784493,1499.265679,1756.189929,1991.553264
ENSG00000252947,SCARNA1,43.80001886,3.110666256,0.495125332,6.282583531,3.33E-10,2.50E-08,6.213754225,13.29537532,7.335798021,66.13018119,100.2651107,69.55989368
ENSG00000185187,SIGIRR,801.1287573,1.021764898,0.162698581,6.28010945,3.38E-10,2.53E-08,490.8865838,521.0125202,574.2881879,1012.736489,1057.435137,1150.413626
ENSG00000226950,DANCR,173.5530113,1.545257105,0.246071566,6.279706065,3.39E-10,2.53E-08,78.70755352,100.5462758,85.93363396,223.8978992,271.852826,280.3798791
ENSG00000173744,AGFG1,714.5415522,-1.027661808,0.163686407,-6.278235488,3.42E-10,2.54E-08,943.4550165,954.7741399,977.7570791,422.2884427,480.6523349,508.3223
ENSG00000172757,CFL1,2691.5632,-0.950022547,0.151510322,-6.270348657,3.60E-10,2.67E-08,3531.483651,3632.961305,3476.120291,1647.586228,1785.132435,2076.095288
ENSG00000291046,ENSG00000291046,393.7077268,1.802929486,0.287626224,6.268307044,3.65E-10,2.69E-08,149.1301014,220.2046537,156.1477007,495.031642,885.8474215,455.8848417
ENSG00000099204,ABLIM1,163.5176012,-1.65103011,0.263683941,-6.261398046,3.82E-10,2.80E-08,245.4432919,242.6405995,255.7049596,63.29603056,72.35626547,101.66446
ENSG00000109991,P2RX3,64.67395639,2.649329733,0.423781993,6.251633562,4.06E-10,2.97E-08,17.60563697,9.140570529,27.24724979,124.7026274,102.3324326,107.015221
ENSG00000206337,HCP5,231.0508799,2.118632399,0.339247651,6.245090843,4.24E-10,3.09E-08,49.7100338,118.8274169,90.12551854,243.7369535,455.8444724,428.0608842
ENSG00000105926,PALS2,782.6125195,-1.077168003,0.172581713,-6.241495595,4.33E-10,3.15E-08,1007.66381,1059.47522,1118.185213,430.7908946,551.9749394,527.5850398
ENSG00000101057,MYBL2,238.160707,-1.465352874,0.234851891,-6.23947657,4.39E-10,3.18E-08,328.2933482,304.9626713,416.0445449,134.1497961,108.5343982,136.9794829
ENSG00000183337,BCOR,930.5670695,-1.031324951,0.16547776,-6.232408202,4.59E-10,3.31E-08,1299.710259,1183.288403,1265.949144,573.4431426,565.4125316,695.5989368
ENSG00000251791,SCARNA6,186.1865967,1.534880605,0.246373782,6.229886133,4.67E-10,3.36E-08,85.95693345,94.72954912,105.8450857,229.5662004,284.2567572,316.7650543
ENSG00000230581,ACTG1P14,928.1727125,-1.051559415,0.168966377,-6.22348323,4.86E-10,3.48E-08,1349.420293,1176.640715,1230.318125,535.6544676,597.4560206,679.5466537
ENSG00000197694,SPTAN1,5552.247376,-0.906672767,0.145723058,-6.221889512,4.91E-10,3.49E-08,7308.410595,7314.949306,7101.052484,3451.995458,3829.713765,4307.362647
ENSG00000275740,ENSG00000275740,312.3077766,-1.356542869,0.218009533,-6.222401602,4.90E-10,3.49E-08,482.6015782,420.4662444,444.3397658,162.4913023,148.8471747,215.1005943
ENSG00000165731,RET,1126.299085,-1.11970438,0.180096253,-6.217255279,5.06E-10,3.59E-08,1589.685456,1518.165669,1519.558161,567.7748413,752.5051609,810.1052233
ENSG00000120738,EGR1,205.8767863,-1.530555588,0.246224299,-6.216102928,5.10E-10,3.59E-08,307.5808342,273.3861549,336.3987378,84.07980179,106.4670763,127.348113
ENSG00000170515,PA2G4,2404.01865,-1.053291024,0.169448101,-6.216009599,5.10E-10,3.59E-08,3326.429762,3184.242388,3222.511273,1359.447582,1452.293614,1879.187282
ENSG00000009954,BAZ1B,1361.225473,-1.073595412,0.17273129,-6.215407825,5.12E-10,3.59E-08,1905.551296,1747.510893,1883.204149,755.7734993,837.2653576,1038.047644
ENSG00000102974,CTCF,679.085196,-1.177657037,0.189679478,-6.20866868,5.34E-10,3.73E-08,994.2006761,959.7599056,870.8640222,337.263924,436.2049147,476.2177337
ENSG00000229349,ACTG1P9,215.5519929,-1.484835367,0.239295028,-6.205040611,5.47E-10,3.81E-08,326.2220968,277.5409597,348.9743916,99.19527178,104.3997545,136.9794829
ENSG00000156026,MCU,419.2805622,2.391624035,0.386707633,6.184579335,6.23E-10,4.32E-08,103.5625704,167.8541134,130.9963932,1281.036081,434.1375928,398.0966223
ENSG00000150672,DLG2,304.0706184,1.395384397,0.225647621,6.183909193,6.25E-10,4.33E-08,185.3770011,171.1779572,145.6679893,352.379394,477.5513521,492.2700168
ENSG00000177469,CAVIN1,148.2994297,-1.617109686,0.261527562,-6.183324139,6.28E-10,4.33E-08,212.3032694,197.7687078,260.9448153,64.24074744,78.55823108,75.98080695
ENSG00000168148,H3-4,90.73764885,-1.909790526,0.309495708,-6.170652704,6.80E-10,4.67E-08,164.664487,131.2918312,134.1403067,40.62282559,34.11081086,39.59563179
ENSG00000212588,SNORA26,40.80646865,2.88862038,0.468159257,6.17016611,6.82E-10,4.67E-08,12.42750845,7.478648615,9.431740313,66.13018119,73.3899264,75.98080695
ENSG00000089280,FUS,1592.733804,-0.950004613,0.153984594,-6.169478304,6.85E-10,4.68E-08,2065.037654,2108.147948,2123.189541,966.4453622,1084.310321,1209.271998
ENSG00000137449,CPEB2,780.3119975,-1.110309752,0.180032229,-6.167283273,6.95E-10,4.72E-08,1077.050732,1055.320416,1066.834626,402.4493884,533.3690426,546.8477796
ENSG00000010244,ZNF207,826.8679937,-1.123425275,0.182203113,-6.165785304,7.01E-10,4.75E-08,1184.755806,1080.249244,1134.952751,438.3486296,506.4938583,616.4076732
ENSG00000204103,MAFB,196.040616,-1.62227859,0.263306191,-6.161186655,7.22E-10,4.88E-08,311.723337,265.0765454,311.2474303,108.6424405,67.18796079,112.3659821
ENSG00000275084,SNORD91B,392.0820682,1.666919992,0.270642249,6.159127037,7.31E-10,4.92E-08,155.3438556,174.501801,233.6975655,413.7859908,787.6496327,587.5135636
ENSG00000113810,SMC4,2621.572333,-1.167607202,0.18962249,-6.157535445,7.39E-10,4.96E-08,3753.107552,3772.562746,3357.699551,1232.855521,1686.934646,1926.273979
ENSG00000115875,SRSF7,503.2566042,-1.115548894,0.181850281,-6.134435908,8.55E-10,5.72E-08,754.9711384,629.8684056,681.1812448,287.1939297,344.2090914,322.1158154
ENSG00000140416,TPM1,723.5874557,-1.063523512,0.173606074,-6.126073182,9.01E-10,6.00E-08,994.2006761,946.4645303,995.5725886,432.6803283,428.9692881,543.6373229
ENSG00000112715,VEGFA,840.7445087,1.148910714,0.187713315,6.120560585,9.32E-10,6.20E-08,538.5253662,509.3790668,519.7936883,918.2648016,1279.672238,1278.831892
ENSG00000159176,CSRP1,387.8035477,-1.205362908,0.197361894,-6.107374043,1.01E-09,6.71E-08,547.8459975,526.8292469,548.0889093,220.1190317,205.6985261,278.2395747
ENSG00000185950,IRS2,890.5836979,-1.040960433,0.170502242,-6.105259505,1.03E-09,6.77E-08,1172.328297,1134.261707,1289.004509,512.9812626,576.7828019,658.1436095
ENSG00000161813,LARP4,971.6709168,-0.923128267,0.151298009,-6.101390734,1.05E-09,6.92E-08,1319.387147,1251.427202,1246.037692,626.3472875,699.7884532,687.0377191
ENSG00000100297,MCM5,646.1139609,-1.011862983,0.165885035,-6.099784609,1.06E-09,6.94E-08,860.6049602,795.2296361,935.8382332,410.0071234,435.1712537,439.8325585
ENSG00000109099,PMP22,495.8125071,-1.188733939,0.194872122,-6.100071818,1.06E-09,6.94E-08,672.121082,664.7687658,730.4358887,245.6263873,317.3339071,344.5890118
ENSG00000228224,NACA4P,458.2455731,-1.201602363,0.197005974,-6.099319417,1.07E-09,6.94E-08,681.4417134,535.9698174,698.9967543,248.4605379,294.5933665,290.011249
ENSG00000007080,CCDC124,495.616377,-1.205141729,0.198011015,-6.086235797,1.16E-09,7.49E-08,622.4110482,702.9929698,748.2513981,264.5207247,277.0211306,358.5009905
ENSG00000183570,PCBP3,1781.684218,-1.048900271,0.172341217,-6.086183513,1.16E-09,7.49E-08,2406.794137,2332.507407,2466.924077,937.1591391,1249.696071,1297.024479
ENSG00000276027,RNU12,155.3723004,1.820427832,0.29922458,6.083817813,1.17E-09,7.57E-08,49.7100338,92.23666625,62.87826875,201.2246942,282.1894353,243.994704
ENSG00000124193,SRSF6,630.9175771,-1.071265431,0.176112705,-6.082840144,1.18E-09,7.57E-08,845.0705746,823.4823086,896.0153297,364.6607134,389.6901726,466.5863638
ENSG00000234741,GAS5,903.2974227,1.431228782,0.235291913,6.082779308,1.18E-09,7.57E-08,445.3190528,477.8025504,542.8490535,881.4208435,1637.318921,1435.074114
ENSG00000293339,ENSG00000293339,1539.374824,-1.064580779,0.175034999,-6.08210236,1.19E-09,7.58E-08,2026.719503,2082.388159,2138.909109,822.8483973,987.1461932,1178.237584
ENSG00000274582,SNORA16A,101.8732181,10.16275017,1.671263647,6.080877895,1.20E-09,7.62E-08,0,0,0,71.79848243,118.8710076,420.5698187
ENSG00000083642,PDS5B,755.0438238,-1.106351011,0.182016134,-6.078312871,1.21E-09,7.71E-08,1037.696956,929.0143502,1126.568982,404.3388221,516.8304676,515.8133655
ENSG00000096401,CDC5L,549.4434499,-1.116631168,0.184293906,-6.058969554,1.37E-09,8.67E-08,743.5792556,775.2865731,736.7237155,297.5858153,341.1081086,402.3772311
ENSG00000125968,ID1,200.5140626,-1.479872285,0.244295539,-6.057713093,1.38E-09,8.72E-08,282.7258173,301.6388275,300.7677189,85.02451867,101.2987717,131.6287219
ENSG00000231340,ACTG1P10,491.0191408,-1.188994934,0.196395811,-6.054074829,1.41E-09,8.89E-08,706.2967303,671.4164534,669.6535622,241.8475198,308.0309587,348.8696206
ENSG00000161654,LSM12,970.2490796,-1.0196298,0.168488323,-6.051634805,1.43E-09,8.99E-08,1362.883427,1234.807982,1300.532192,565.8854076,624.3312049,733.0542642
ENSG00000104131,EIF3J,503.2291348,-1.114800857,0.184312488,-6.048428247,1.46E-09,9.15E-08,710.4392331,663.1068439,691.6609563,271.1337429,325.6031946,357.4308383
ENSG00000202198,7SK,145489.276,1.054921459,0.174444009,6.047335555,1.47E-09,9.18E-08,91738.83176,79916.00814,111987.2446,170735.8465,209744.275,208813.4501
ENSG00000186298,PPP1CC,538.5248562,-1.121148419,0.185504323,-6.043785928,1.51E-09,9.36E-08,745.650507,749.5267834,717.8602349,282.4703454,381.4208851,354.2203817
ENSG00000125170,DOK4,404.1431909,-1.122022808,0.185673245,-6.042996722,1.51E-09,9.37E-08,546.8103718,552.5890366,561.7125342,224.842616,255.314251,283.5903358
ENSG00000003137,CYP26B1,170.3787674,1.612555882,0.267103369,6.037197842,1.57E-09,9.69E-08,110.8119504,72.29360328,69.16609563,254.1288391,240.8429979,275.0291181
ENSG00000170921,TANC2,1602.66713,-0.922494469,0.152895146,-6.033510521,1.60E-09,9.88E-08,2179.992107,1981.010922,2133.669253,987.2291334,1179.407127,1154.694235
ENSG00000178035,IMPDH2,622.9395054,-1.031709859,0.171440357,-6.017893778,1.77E-09,1.08E-07,824.3580606,768.6388854,916.9747526,378.8314665,418.6326788,430.2011886
ENSG00000147862,NFIB,2172.629729,-0.998577728,0.166004473,-6.015366386,1.79E-09,1.10E-07,2820.008793,2766.269027,3100.946621,1245.13684,1425.41843,1677.998666
ENSG00000203875,SNHG5,123.7690347,1.626507642,0.2706851,6.008855471,1.87E-09,1.14E-07,63.17316796,59.82918892,58.68638417,174.7726217,217.0687964,169.0840493
ENSG00000188612,SUMO2,1143.845398,-1.110936775,0.185079843,-6.002473073,1.94E-09,1.18E-07,1533.761668,1608.740413,1547.853382,567.7748413,765.942753,838.999333
ENSG00000143401,ANP32E,831.3472993,-1.02142763,0.170457007,-5.992288876,2.07E-09,1.26E-07,1083.264487,1084.404049,1173.727683,472.358437,565.4125316,608.9166078
ENSG00000167325,RRM1,1167.737415,-1.001618264,0.167204169,-5.990390497,2.09E-09,1.27E-07,1611.433596,1485.758192,1575.100632,671.6936975,774.2120405,888.2263347
ENSG00000133121,STARD13,110.28794,-1.984700131,0.331473926,-5.987500001,2.13E-09,1.28E-07,180.1988725,142.0943237,206.4503157,58.57244619,44.44742022,29.96426189
ENSG00000172216,CEBPB,316.7283239,1.175239214,0.196776722,5.972450398,2.34E-09,1.41E-07,182.2701239,203.5854345,197.0185754,391.1127859,465.1474209,461.2356027
ENSG00000183098,GPC6,256.9773547,-1.232843716,0.206796805,-5.961618765,2.50E-09,1.50E-07,395.609019,345.6797582,340.5906224,164.3807361,144.7125309,150.8914617
ENSG00000169282,KCNAB1,212.4861482,-1.37498452,0.230757188,-5.958577201,2.54E-09,1.52E-07,328.2933482,299.1459446,292.3839497,96.36112116,128.173956,130.5585697
ENSG00000201592,ENSG00000201592,233.9669044,1.544820212,0.25963219,5.950033429,2.68E-09,1.60E-07,107.7050732,102.2081977,148.8119027,284.3597791,428.9692881,331.7471853
ENSG00000043143,JADE2,481.8267024,-1.081816322,0.181844524,-5.949127833,2.70E-09,1.60E-07,646.2304394,594.1370844,723.1000906,293.8069478,298.7280103,334.9576419
ENSG00000106244,PDAP1,1513.213334,-1.098175017,0.184653703,-5.947213612,2.73E-09,1.62E-07,2137.531454,2050.811642,1999.528946,771.8336861,950.9680604,1168.606214
ENSG00000201823,SNORD48,89.51301205,2.131019575,0.358639048,5.941961951,2.82E-09,1.66E-07,30.03314542,29.0836335,40.87087469,100.1399887,186.0589683,150.8914617
ENSG00000265735,RN7SL5P,1586.766456,1.11286494,0.187337322,5.940433697,2.84E-09,1.67E-07,858.5337088,904.0855215,1248.133635,1994.297321,2287.49165,2228.056902
ENSG00000207181,SNORA14B,272.8639707,1.839549885,0.309817583,5.93752577,2.89E-09,1.70E-07,82.85005634,107.1939635,167.6753833,290.0280803,528.2007379,461.2356027
ENSG00000233296,TMEM18-DT,133.461162,1.772536758,0.298720655,5.933760278,2.96E-09,1.73E-07,69.38692218,65.64591562,46.11073042,247.515821,160.217445,211.8901377
ENSG00000213763,ACTBP2,4105.20596,-0.968669909,0.163465272,-5.925845273,3.11E-09,1.81E-07,5487.780607,5050.580698,5762.793331,2319.279926,2916.991159,3093.810041
ENSG00000149294,NCAM1,2677.518019,-1.08293944,0.182857369,-5.922317742,3.17E-09,1.85E-07,3610.191205,3710.240674,3593.493059,2136.004852,1408.879855,1606.298468
ENSG00000142973,CYP4B1,47.42993682,2.545067083,0.43034811,5.913972949,3.34E-09,1.94E-07,17.60563697,11.6334534,12.57565375,81.24565117,93.02948417,68.48974147
ENSG00000198743,SLC5A3,380.8779446,-1.227671604,0.207744917,-5.909514509,3.43E-09,1.99E-07,568.5585116,446.226034,586.8638417,206.8929954,258.4152338,218.3110509
ENSG00000230662,TNPO1P2,341.8614482,-1.269110598,0.214814433,-5.90793914,3.46E-09,2.00E-07,459.8178127,489.4360038,499.8822366,155.8782842,215.0014745,231.1528775
ENSG00000229932,YWHAZP3,488.9662172,-1.116117087,0.188953467,-5.906835725,3.49E-09,2.01E-07,693.8692218,677.2331801,636.1184855,261.6865741,354.5457008,310.344141
ENSG00000293057,ENSG00000293057,994.9219455,-1.217186464,0.206127195,-5.905026076,3.53E-09,2.02E-07,1589.685456,1381.888072,1202.022904,496.9210758,549.9076176,749.1065473
ENSG00000123908,AGO2,1573.843311,-0.926700973,0.156987718,-5.903015749,3.57E-09,2.04E-07,1999.793235,2010.094556,2177.684041,955.1087597,1194.912041,1105.467233
ENSG00000201185,RNA5SP202,137.1945831,2.112666096,0.357938923,5.90230891,3.58E-09,2.05E-07,47.63878239,70.63168136,35.63101896,177.6067723,320.4348899,171.2243537
ENSG00000240489,SETP14,2733.783286,-1.020963394,0.173036216,-5.900287325,3.63E-09,2.06E-07,3755.178804,3421.897222,3810.423086,1482.260775,1815.108602,2117.831225
ENSG00000270276,H4C15,174.3790279,-1.460804934,0.247981058,-5.890792408,3.84E-09,2.18E-07,298.2602028,221.8665756,247.3211904,83.13508492,95.09680604,100.5943078
ENSG00000113558,SKP1,2048.332175,-0.864104502,0.146784366,-5.886897385,3.94E-09,2.23E-07,2594.242389,2668.215634,2669.182508,1317.880039,1450.226292,1590.246185
ENSG00000125970,RALY,326.2313296,-1.092472981,0.185629862,-5.885222193,3.98E-09,2.24E-07,425.6421644,452.0427607,454.8194773,209.727146,213.9678136,201.1886156
ENSG00000145819,ARHGAP26,245.9495069,-1.319474141,0.224394511,-5.880153379,4.10E-09,2.31E-07,368.6827507,289.1744131,396.1330931,148.3205492,137.4769044,135.9093307
ENSG00000197451,HNRNPAB,5887.152071,-0.959130047,0.163129336,-5.879568157,4.11E-09,2.31E-07,8124.48365,7494.436873,7705.731835,3391.533578,3924.810571,4681.915921
ENSG00000174028,FAM3C2P,281.1625576,-1.187889577,0.202083056,-5.878224522,4.15E-09,2.32E-07,412.1790303,396.3683766,363.6459876,167.2148867,158.1501231,189.4169413
ENSG00000121774,KHDRBS1,2356.152938,-0.932030491,0.158676232,-5.873787655,4.26E-09,2.38E-07,3201.119052,2917.503921,3156.489091,1420.854179,1594.938823,1846.012563
ENSG00000100028,SNRPD3,470.7920413,-1.221668236,0.208054035,-5.871879578,4.31E-09,2.40E-07,653.4798194,688.8666335,634.0225432,228.6214835,268.7518432,351.009925
ENSG00000076003,MCM6,616.2446491,-1.193161061,0.203296779,-5.869060318,4.38E-09,2.43E-07,902.0299884,881.6495756,788.0743017,296.6410985,372.1179367,456.9549939
ENSG00000105568,PPP2R1A,797.8745379,-0.969241574,0.1652412,-5.865616895,4.47E-09,2.48E-07,1052.195715,1001.307953,1115.041299,491.2527745,529.2343988,598.2150857
ENSG00000202469,Y_RNA,192.2310454,1.580011364,0.269387477,5.865199764,4.49E-09,2.48E-07,72.4937993,98.05339295,118.4207395,241.8475198,280.1221135,342.4487074
ENSG00000100393,EP300,1616.558241,-0.92505622,0.157816077,-5.861609534,4.58E-09,2.52E-07,2160.315219,2059.952213,2132.621282,991.9527178,1086.377643,1268.130369
ENSG00000132507,EIF5A,3523.937203,-0.97764656,0.166864929,-5.858909735,4.66E-09,2.55E-07,4627.175646,4643.409829,4751.501175,1924.388273,2532.469291,2664.679004
ENSG00000134333,LDHA,687.1646726,-1.108395872,0.189177125,-5.859037513,4.66E-09,2.55E-07,885.4599771,938.1549207,992.4286751,357.1029784,437.2385756,512.6029088
ENSG00000177855,CACYBPP2,332.8773963,-1.236458649,0.21139717,-5.848983921,4.95E-09,2.70E-07,455.6753099,474.4787066,471.5870156,174.7726217,176.7560199,243.994704
ENSG00000196604,POTEF,599.4133925,-1.010988512,0.172884339,-5.847773836,4.98E-09,2.71E-07,855.4268317,748.6958225,799.6019843,362.7712796,437.2385756,392.7458613
ENSG00000207445,SNORD15B,1861.580108,1.135831962,0.194484713,5.840212033,5.21E-09,2.83E-07,1023.198196,1095.206542,1374.938143,2045.312032,2737.134157,2893.691577
ENSG00000233837,EIF3LP2,693.2571247,-0.974689109,0.1669536,-5.838083808,5.28E-09,2.86E-07,909.2793683,879.9876537,967.2773676,424.1778765,465.1474209,513.673061
ENSG00000132792,CTNNBL1,585.1006557,-1.14536127,0.196388971,-5.832105879,5.47E-09,2.96E-07,855.4268317,834.2848011,727.2919752,292.862231,386.5891898,414.1489055
ENSG00000156802,ATAD2,1130.540376,-1.030944719,0.176786469,-5.831581599,5.49E-09,2.96E-07,1557.581059,1528.968161,1467.159604,606.5082332,769.0437358,853.981464
ENSG00000253522,MIR3142HG,3719.717293,0.978273472,0.167839001,5.828642135,5.59E-09,3.00E-07,2550.74611,2516.149778,2447.012626,4031.106902,5090.780106,5682.508238
ENSG00000153904,DDAH1,153.041344,-1.474968038,0.253087945,-5.827887358,5.61E-09,3.01E-07,193.6620067,243.4715605,237.8894501,72.7431993,81.65921388,88.82263347
ENSG00000252213,SNORA74D,184.7310304,2.319586817,0.399070216,5.812477919,6.16E-09,3.29E-07,36.24689965,38.22420403,111.0849415,225.7873329,383.488207,313.5545977
ENSG00000114867,EIF4G1,4939.045143,-0.914031017,0.157562097,-5.801084356,6.59E-09,3.51E-07,6280.03427,6120.02745,6959.57638,3075.053425,3254.998285,3944.581048
ENSG00000073111,MCM2,840.1788872,-1.089119399,0.187887785,-5.796648241,6.77E-09,3.60E-07,1181.648929,1042.02504,1205.166818,440.2380633,540.6046691,631.3898042
ENSG00000273983,H3C8,89.49785531,-1.871117576,0.322822203,-5.796124172,6.79E-09,3.60E-07,164.664487,123.8131826,133.0923355,30.23093997,42.38009835,42.80608842
ENSG00000207280,SNORD20,98.59074078,1.948344332,0.33671085,5.786401992,7.19E-09,3.80E-07,33.14002254,37.39324308,51.35058615,132.2603624,203.6312042,133.7690263
ENSG00000198604,BAZ1A,337.004008,-1.155618032,0.199728319,-5.785949818,7.21E-09,3.80E-07,463.9603155,479.4644723,451.6755639,180.440923,205.6985261,240.7842474
ENSG00000165678,GHITM,406.7245417,1.164025961,0.201397706,5.779737932,7.48E-09,3.94E-07,250.6214204,260.9217406,241.0333635,471.4137202,557.1432441,659.2137617
ENSG00000221116,SNORD110,54.12305418,2.534425059,0.438662629,5.777617908,7.58E-09,3.98E-07,15.53438556,17.4501801,14.67159604,63.29603056,128.173956,85.61217684
ENSG00000137807,KIF23,287.149899,-1.363993839,0.236211337,-5.774463913,7.72E-09,4.04E-07,475.3521982,384.7349232,380.4135259,121.8684768,185.0253074,175.5049625
ENSG00000125398,SOX9,366.3752114,-1.080309016,0.187200818,-5.770856278,7.89E-09,4.12E-07,506.4209694,469.4929408,516.6497749,225.7873329,259.4488947,220.4513554
ENSG00000184260,H2AC20,426.8494809,-1.349750027,0.233952215,-5.76934067,7.96E-09,4.14E-07,573.7366401,653.1353124,612.0151492,175.7173386,313.1992634,233.2931819
ENSG00000239039,SNORD13,221.73607,1.713815379,0.297075092,5.768963559,7.98E-09,4.14E-07,89.06381056,102.2081977,119.4687106,214.4507304,441.3732194,363.8517516
ENSG00000164924,YWHAZ,8383.719661,-0.931118217,0.1615101,-5.765077316,8.16E-09,4.23E-07,11182.68635,10737.67749,11076.00704,4750.036443,6037.613523,6518.297114
ENSG00000263740,RN7SL4P,5922.44777,1.091054148,0.189275385,5.764374204,8.20E-09,4.23E-07,3292.254114,3426.882988,4633.080436,6718.826408,8674.482569,8789.160105
ENSG00000208772,SNORD94,98.18192434,1.9091746,0.331501182,5.759178862,8.45E-09,4.36E-07,46.60315669,26.59075063,51.35058615,139.8180974,168.4867324,156.2422227
ENSG00000135387,CAPRIN1,2685.337365,-0.908874564,0.157837408,-5.758296313,8.50E-09,4.37E-07,3597.763696,3555.681936,3358.747522,1622.078873,1849.219413,2128.532747
ENSG00000205339,IPO7,1685.013473,-0.98818882,0.17194283,-5.74719412,9.07E-09,4.65E-07,2306.338443,2180.441552,2234.274483,922.0436691,1174.238822,1292.74387
ENSG00000196642,RABL6,744.3103733,-1.083142816,0.188570938,-5.74395413,9.25E-09,4.73E-07,939.3125137,1062.799064,1031.203608,430.7908946,421.7336616,580.0224981
ENSG00000026025,VIM,11121.48488,-0.902512128,0.157294914,-5.737707007,9.60E-09,4.89E-07,14727.63314,13615.29528,15129.55943,6570.505859,7969.525811,8716.389754
ENSG00000070669,ASNS,693.7164916,1.109580252,0.193394605,5.737389884,9.61E-09,4.89E-07,502.2784665,423.7900882,391.9412085,806.7882105,941.665112,1095.835864
ENSG00000239002,SCARNA10,557.7293125,1.251362393,0.218386927,5.730024286,1.00E-08,5.10E-07,326.2220968,260.9217406,403.4688912,660.357095,810.3901732,885.0158781
ENSG00000134201,GSTM5,146.3102016,1.569461772,0.27398462,5.728284202,1.01E-08,5.14E-07,79.74317923,58.16726701,83.83769167,194.6116761,204.6648652,256.8365305
ENSG00000244687,UBE2V1,294.0161089,-1.159092115,0.202600859,-5.721062201,1.06E-08,5.35E-07,402.8583989,397.1993376,418.1404872,155.8782842,198.4628996,191.5572457
ENSG00000138434,ITPRID2,250.1112487,-1.252801725,0.219002823,-5.720482091,1.06E-08,5.35E-07,384.2171363,315.7651637,357.3581607,157.767718,126.1066341,159.4526794
ENSG00000110367,DDX6,1213.264397,-0.963234335,0.168523829,-5.715715948,1.09E-08,5.46E-07,1617.64735,1523.151435,1670.466006,702.8693543,826.9287482,938.5234886
ENSG00000136527,TRA2B,948.1614361,-1.003805851,0.175614923,-5.715948487,1.09E-08,5.46E-07,1373.239684,1218.188763,1204.118847,537.5439014,636.7351361,719.1422855
ENSG00000138448,ITGAV,177.6174252,-1.426918963,0.249612246,-5.71654231,1.09E-08,5.46E-07,294.1177,267.5694282,214.8340849,84.07980179,101.2987717,103.8047644
ENSG00000162521,RBBP4,933.7998965,-1.007843118,0.176382249,-5.713971346,1.10E-08,5.50E-07,1261.392108,1180.79552,1299.484221,557.3829557,567.4798535,736.2647208
ENSG00000213486,ENSG00000213486,780.0649879,-0.962016471,0.168666821,-5.703649731,1.17E-08,5.83E-07,1027.340699,992.9983439,1072.074482,460.0771177,546.8066347,581.0926503
ENSG00000221303,SNORA79,49.55439635,2.424879061,0.425262085,5.70208149,1.18E-08,5.87E-07,10.35625704,18.28114106,17.81550948,69.90904868,87.8611795,93.10324231
ENSG00000110422,HIPK3,776.7601803,-0.942527019,0.165669575,-5.68919804,1.28E-08,6.32E-07,1065.65885,978.0410467,1021.771867,520.5389976,481.6859958,592.8643246
ENSG00000131094,C1QL1,288.7247257,-1.216094811,0.213782439,-5.68846915,1.28E-08,6.33E-07,402.8583989,402.1851033,405.5648334,142.652248,174.6886981,204.3990722
ENSG00000140443,IGF1R,875.5034602,-0.927515352,0.163374501,-5.677234504,1.37E-08,6.74E-07,1168.185794,1081.911166,1192.591164,545.1016363,597.4560206,667.7749793
ENSG00000140350,ANP32A,479.3699463,-1.027864074,0.181189319,-5.672873419,1.40E-08,6.88E-07,627.5891768,702.1620089,599.4394954,286.2492128,319.401229,341.3785551
ENSG00000213881,NPM1P6,570.9026571,-0.969565823,0.170900926,-5.673262535,1.40E-08,6.88E-07,821.2511834,742.8790958,703.1886389,359.937129,398.993121,399.1667745
ENSG00000206885,SNORA75,17.42210605,7.613712649,1.343417346,5.667421721,1.45E-08,7.09E-07,0,0,0,27.39678935,27.90884525,49.22700168
ENSG00000136630,HLX,265.8315716,-1.187386075,0.209600833,-5.664987379,1.47E-08,7.17E-07,353.1483651,361.4680164,394.0371508,176.6620555,170.5540543,139.1197874
ENSG00000011304,PTBP1,1154.859775,-0.902819764,0.159762122,-5.651025105,1.59E-08,7.76E-07,1518.227282,1461.660324,1535.277729,911.6517835,731.8319422,770.5095916
ENSG00000153294,ADGRF4,98.8540229,1.807380997,0.320169243,5.645080014,1.65E-08,8.00E-07,42.46065387,53.18150126,35.63101896,120.9237599,164.3520887,176.5751147
ENSG00000165732,DDX21,1355.385112,-0.974651405,0.172654211,-5.645106485,1.65E-08,8.00E-07,1830.986245,1752.496659,1805.654284,761.4418005,914.7899277,1066.941754
ENSG00000106631,MYL7,176.0436754,1.304010379,0.23101847,5.644615247,1.66E-08,8.00E-07,90.09943627,102.2081977,112.1329126,241.8475198,256.3479119,253.6260739
ENSG00000145685,LHFPL2,63.50802417,2.028085021,0.359879294,5.635459036,1.75E-08,8.40E-07,23.8193912,29.91459446,20.95942292,102.0294224,93.02948417,111.2958299
ENSG00000231690,LINC00574,235.2893375,2.222700426,0.394421703,5.63534007,1.75E-08,8.40E-07,152.2369785,44.04093073,53.44652844,324.0378878,483.7533177,354.2203817
ENSG00000163811,WDR43,591.9170352,-0.991566801,0.176097759,-5.630774669,1.79E-08,8.61E-07,830.5718148,770.3008073,761.875023,344.821659,436.2049147,407.7279922
ENSG00000176871,WSB2,254.1466445,-1.245158874,0.221150107,-5.630378808,1.80E-08,8.61E-07,383.1815106,297.4840227,391.9412085,140.7628142,148.8471747,162.663136
ENSG00000158545,ZC3H18,709.3977156,-0.963825054,0.171476085,-5.620754953,1.90E-08,9.08E-07,875.1037201,932.338194,1006.0523,449.6852321,451.7098287,541.4970185
ENSG00000157212,PAXIP1,189.5050067,-1.270392252,0.226089786,-5.618972329,1.92E-08,9.13E-07,287.9039458,243.4715605,272.4724979,104.863573,110.6017201,117.7167432
ENSG00000229132,EIF4A1P10,565.9694167,-1.029765537,0.183277038,-5.618628211,1.92E-08,9.13E-07,815.0374292,754.5125492,709.4764657,338.2086409,347.3100742,431.2713408
ENSG00000276168,RN7SL1,341168.374,0.955827047,0.170104916,5.619044223,1.92E-08,9.13E-07,213677.5447,208532.9761,274125.1484,397071.1152,449928.8309,503674.6289
ENSG00000177889,UBE2N,1282.460261,-1.031380584,0.183845755,-5.61003209,2.02E-08,9.57E-07,1750.20744,1787.397019,1628.547161,698.1457699,804.1882076,1026.27597
ENSG00000084774,CAD,745.1069932,-1.00894995,0.179971461,-5.606166342,2.07E-08,9.76E-07,1044.946336,850.9040202,1090.937963,466.6901358,470.3157255,546.8477796
ENSG00000101126,ADNP,1189.913051,-0.857975017,0.153121361,-5.603235323,2.10E-08,9.91E-07,1648.716121,1504.870294,1447.248152,790.7280236,899.2850137,848.6307029
ENSG00000225921,NOL7,189.6669157,-1.463230981,0.261295152,-5.599916309,2.14E-08,1.01E-06,259.9420518,241.8096386,333.2548244,87.85866929,89.92850137,125.2078086
ENSG00000136100,VPS36,217.951496,-1.235109533,0.220919806,-5.59075962,2.26E-08,1.06E-06,347.9702366,285.8505693,284.0001805,122.8131936,134.3759216,132.6988741
ENSG00000278637,H4C1,123.648006,-1.533168464,0.274228014,-5.590852817,2.26E-08,1.06E-06,207.1251408,171.1779572,172.9152391,53.84886182,65.12063892,71.7001981
ENSG00000152234,ATP5F1A,1444.808666,-0.941856474,0.168728231,-5.582091805,2.38E-08,1.11E-06,1948.01195,1765.792034,1986.953293,843.6321686,994.3818197,1130.080734
ENSG00000187514,PTMA,6400.27619,-0.963367366,0.172636209,-5.580332033,2.40E-08,1.12E-06,8709.612173,8559.72882,8113.392611,3439.714139,4599.791162,4979.418235
ENSG00000182199,SHMT2,1041.208029,0.908912326,0.163071731,5.573696423,2.49E-08,1.16E-06,737.3655014,660.613961,773.4027056,1219.629484,1394.408602,1461.82792
ENSG00000201291,RNU1-34P,36.67962322,2.801059332,0.503939264,5.55832723,2.72E-08,1.26E-06,11.39188275,10.80249244,5.239855729,52.90414495,73.3899264,66.34943705
ENSG00000188529,SRSF10,956.014735,-0.947399183,0.170514308,-5.5561272,2.76E-08,1.27E-06,1262.427733,1267.21546,1247.085664,563.9959738,639.8361189,755.5274606
ENSG00000113368,LMNB1,633.9034061,-1.063113131,0.191393907,-5.554581902,2.78E-08,1.28E-06,879.2462229,797.7225189,894.9673586,330.6509059,431.03661,469.7968204
ENSG00000225742,LINC02036,58.9915259,2.455320891,0.44241571,5.549804936,2.86E-08,1.32E-06,8.285005634,24.92882872,20.95942292,86.91395242,124.0393122,88.82263347
ENSG00000197582,GPX1P1,68.05505688,-2.097593878,0.378157771,-5.546874979,2.91E-08,1.34E-06,79.74317923,113.8416511,137.2842201,21.7284881,27.90884525,27.82395747
ENSG00000215301,DDX3X,4075.827585,-0.918599001,0.165681521,-5.544366054,2.95E-08,1.35E-06,5213.339795,5254.997093,5524.903881,2375.962938,2764.009341,3321.752461
ENSG00000135521,LTV1,434.3770027,-1.029473694,0.185742502,-5.542477807,2.98E-08,1.36E-06,612.0547912,586.6584358,550.1848516,254.1288391,282.1894353,321.0456631
ENSG00000213197,NUDCP1,418.0502036,-1.170037235,0.211284551,-5.537732076,3.06E-08,1.40E-06,548.8816232,582.503631,604.6793512,197.4458267,299.7616712,275.0291181
ENSG00000087087,SRRT,582.9385452,-1.081386167,0.195684138,-5.526182041,3.27E-08,1.49E-06,770.5055239,791.9057922,812.177638,295.6963816,390.7238335,436.6221019
ENSG00000144619,CNTN4,46.38482516,2.974809548,0.5384646,5.524614891,3.30E-08,1.50E-06,8.285005634,12.46441436,10.47971146,39.67810871,127.140295,80.26141579
ENSG00000231845,HMGB3P14,490.8534875,-1.12330671,0.203416138,-5.522210394,3.35E-08,1.52E-06,593.4135285,668.0926096,756.6351673,267.3548754,291.4923837,368.1323604
ENSG00000168056,LTBP3,438.3962484,1.056052341,0.191351545,5.518912017,3.41E-08,1.54E-06,314.8302141,247.6263653,292.3839497,579.1114438,545.7729738,650.652544
ENSG00000204434,POTEKP,2788.308349,-0.889399011,0.161271884,-5.514904334,3.49E-08,1.57E-06,3477.631115,3517.457732,3869.10947,1652.309813,2056.985261,2156.356704
ENSG00000207142,Y_RNA,93.18999892,1.667719581,0.302552685,5.512162555,3.54E-08,1.59E-06,44.53190528,43.20996978,46.11073042,119.979043,142.6452091,162.663136
ENSG00000205940,HSP90AB2P,822.5591865,-1.013960328,0.183964187,-5.511726746,3.55E-08,1.59E-06,1229.287711,976.3791247,1095.129847,500.6999433,499.2582317,634.6002608
